ts_code,total_mv,name
601398.SH,262315005.2175,工商银行
601939.SH,256368373.8298,建设银行
601288.SH,240088361.2369,农业银行
601857.SH,217611942.6256,中国石油
300750.SZ,212818669.766,宁德时代
600941.SH,209622357.6174,中国移动
601988.SH,183983287.1458,中国银行
600938.SH,181944663.8508,中国海油
600519.SH,172187154.5625,贵州茅台
601138.SH,125176534.1275,工业富联
601318.SH,107486962.8823,中国平安
601628.SH,103618408.53,中国人寿
601088.SH,103523669.933,中国神华
688981.SH,98641564.5523,中芯国际
600036.SH,95835413.2838,招商银行
300308.SZ,95324205.7104,中际旭创
002594.SZ,91855765.4674,比亚迪
601899.SH,90966834.7219,紫金矿业
688041.SH,80052528.1921,海光信息
688256.SH,76957543.525,寒武纪
600900.SH,66553552.1875,长江电力
600028.SH,64937001.1372,中国石化
000333.SZ,61186196.5306,美的集团
601658.SH,60768097.067,邮储银行
601328.SH,59468826.7821,交通银行
601728.SH,54446747.5259,中国电信
300502.SZ,51934998.5334,新易盛
002475.SZ,48874386.4677,立讯精密
601998.SH,46352420.1659,中信银行
603993.SH,41676116.2228,洛阳钼业
600030.SH,40741683.2329,中信证券
002371.SZ,39528746.7136,北方华创
688235.SH,38055537.8102,百济神州
601166.SH,37648723.1242,兴业银行
000858.SZ,35811715.4541,五粮液
601601.SH,35691466.7981,中国太保
600276.SH,35595302.9243,恒瑞医药
002384.SZ,35144885.324,东山精密
688795.SH,34739785.5185,摩尔线程
002415.SZ,33030197.0662,海康威视
300059.SZ,32951418.5524,东方财富
603259.SH,32522952.9895,药明康德
688802.SH,32452511.1,沐曦股份
002379.SZ,32225955.3135,宏桥控股
300476.SZ,32030922.6253,胜宏科技
601319.SH,31620153.2668,中国人保
600150.SH,30990508.464,中国船舶
600000.SH,30574759.5594,浦发银行
000338.SZ,29900946.8335,潍柴动力
601869.SH,29891513.9243,长飞光纤
300274.SZ,29134840.1415,阳光电源
601211.SH,28682262.3238,国泰海通
600309.SH,28089721.9001,万华化学
688347.SH,26412009.3336,华虹宏力
600930.SH,26154857.1427,华电新能
002714.SZ,25770648.2515,牧原股份
601225.SH,25110050.0,陕西煤业
300394.SZ,24633947.2521,天孚通信
601898.SH,24594820.607,中煤能源
688008.SH,24319336.0179,澜起科技
603986.SH,24138256.2855,兆易创新
688012.SH,24029759.6573,中微公司
601816.SH,23826805.8532,京沪高铁
003816.SZ,23178931.7337,中国广核
600188.SH,22975792.9652,兖矿能源
603288.SH,22669969.8331,海天味业
000651.SZ,22377615.9353,格力电器
600989.SH,22117413.76,宝丰能源
000001.SZ,22045123.0729,平安银行
002916.SZ,21712185.2156,深南电路
601919.SH,21652140.2466,中远海控
002142.SZ,21639967.0254,宁波银行
000792.SZ,21377953.0656,盐湖股份
600406.SH,21059264.641,国电南瑞
300760.SZ,20936437.9916,迈瑞医疗
601600.SH,20826135.191,中国铝业
600919.SH,20645240.0209,江苏银行
601668.SH,20329632.0984,中国建筑
002050.SZ,20265795.111,三花智控
600690.SH,20236924.7847,海尔智家
601336.SH,20177227.4088,新华保险
301308.SZ,20175138.2818,江波龙
002463.SZ,20165405.5042,沪电股份
600111.SH,20070845.5548,北方稀土
688820.SH,19950310.5789,盛合晶微
600183.SH,19629712.4976,生益科技
300124.SZ,19241815.0193,汇川技术
600031.SH,19226754.2778,三一重工
002460.SZ,19174270.3246,赣锋锂业
002352.SZ,18786996.5648,顺丰控股
300033.SZ,18526233.6,同花顺
601818.SH,18375606.38,光大银行
601985.SH,18346657.85,中国核电
000063.SZ,18297020.9428,中兴通讯
302132.SZ,18226335.2757,中航成飞
601066.SH,18088612.2666,中信建投
600025.SH,17867219.3925,华能水电
600487.SH,17708696.4053,亨通光电
601688.SH,17448927.6983,华泰证券
002938.SZ,17415517.2832,鹏鼎控股
600887.SH,17363115.0309,伊利股份
001280.SZ,17269318.1803,中国铀业
600809.SH,17191735.8164,山西汾酒
601766.SH,17047125.2683,中国中车
601633.SH,17038723.6796,长城汽车
601995.SH,16731272.3045,中金公司
000776.SZ,16573022.7923,广发证券
301666.SZ,16532600.044,大普微
600547.SH,16434398.7566,山东黄金
300408.SZ,16290227.6535,三环集团
300014.SZ,16258751.5073,亿纬锂能
600362.SH,16250589.0977,江西铜业
600016.SH,16155712.4272,民生银行
002028.SZ,16118494.3492,思源电气
600346.SH,16084343.011,恒力石化
601698.SH,15980850.0136,中国卫通
300442.SZ,15724019.5158,润泽科技
600104.SH,15714044.348,上汽集团
300999.SZ,15559967.7083,金龙鱼
000725.SZ,15484529.1308,京东方A
600660.SH,15478388.8883,福耀玻璃
002353.SZ,15361932.9183,杰瑞股份
601127.SH,15341662.6524,赛力斯
601872.SH,15050939.7677,招商轮船
600176.SH,14811605.8936,中国巨石
603268.SH,14687875.7244,松发股份
688521.SH,14651999.5058,芯原股份
688525.SH,14648671.7215,佰维存储
603019.SH,14601895.5243,中科曙光
605117.SH,14481120.7314,德业股份
000568.SZ,14473605.3222,泸州老窖
001289.SZ,14445762.3314,龙源电力
601009.SH,14193375.1973,南京银行
000408.SZ,14160295.7684,藏格矿业
601881.SH,14160050.9215,中国银河
000657.SZ,14125068.6756,中钨高新
601100.SH,14085324.521,恒立液压
600875.SH,14054776.3649,东方电气
300433.SZ,14052008.1959,蓝思科技
600089.SH,14036657.7622,特变电工
002466.SZ,13941727.7561,天齐锂业
600050.SH,13912669.2705,中国联通
600999.SH,13905746.3628,招商证券
600019.SH,13788059.6461,宝钢股份
002493.SZ,13685535.888,荣盛石化
600760.SH,13670826.7109,中航沈飞
300857.SZ,13636258.3677,协创数据
601229.SH,13214386.6135,上海银行
688498.SH,13158682.7983,源杰科技
688072.SH,13121478.845,拓荆科技
688702.SH,13120000.0,盛科通信
600489.SH,13107133.1731,中金黄金
601888.SH,13096352.2471,中国中免
001309.SZ,13095572.9907,德明利
002709.SZ,13046795.1616,天赐材料
603799.SH,12892056.7971,华友钴业
600010.SH,12771390.6561,包钢股份
603501.SH,12724982.1395,豪威集团
601727.SH,12665199.1333,上海电气
600118.SH,12664458.6359,中国卫星
000988.SZ,12587888.3889,华工科技
601868.SH,12564212.041,中国能建
601012.SH,12541699.3359,隆基绿能
601390.SH,12515914.518,中国中铁
600893.SH,12485643.4108,航发动力
600926.SH,12461035.38,杭州银行
600026.SH,12198372.9126,中远海能
002281.SZ,12166283.6917,光迅科技
688111.SH,12094012.3581,金山办公
688818.SH,12010828.6994,电科蓝天
000617.SZ,11984690.9669,中油资本
000166.SZ,11969093.4997,申万宏源
601111.SH,11934719.964,中国国航
600522.SH,11907781.3358,中天科技
000425.SZ,11889599.141,徐工机械
002230.SZ,11885491.0533,科大讯飞
603256.SH,11850987.0159,宏和科技
002202.SZ,11801265.4797,金风科技
603296.SH,11795600.3731,华勤技术
002602.SZ,11793091.7152,世纪华通
600018.SH,11779660.015,上港集团
600905.SH,11749524.2084,三峡能源
600673.SH,11719207.3997,东阳光
605499.SH,11601490.9017,东鹏饮料
000807.SZ,11326348.8847,云铝股份
601800.SH,11310877.7364,中国交建
600011.SH,11224136.7517,华能国际
600585.SH,11202725.652,海螺水泥
688506.SH,11190531.936,百利天恒
300604.SZ,11178455.9787,长川科技
601169.SH,11163495.6956,北京银行
002736.SZ,11071324.2479,国信证券
600418.SH,11065760.7593,江淮汽车
300498.SZ,11052173.3965,温氏股份
600886.SH,10934139.1619,国投电力
688783.SH,10784963.8,西安奕材
601689.SH,10781531.9383,拓普集团
000977.SZ,10752186.0679,浪潮信息
600015.SH,10726661.7874,华夏银行
601006.SH,10617562.6563,大秦铁路
002008.SZ,10521517.2264,大族激光
688808.SH,10451466.7006,联讯仪器
002001.SZ,10443486.8686,新和成
000958.SZ,10337011.5926,电投产融
002600.SZ,10318938.6142,领益智造
002080.SZ,10184532.0313,中材科技
300015.SZ,10043452.2136,爱尔眼科
600160.SH,9999859.484,巨化股份
600029.SH,9984652.331,南方航空
002648.SZ,9930767.4941,卫星化学
600115.SH,9762779.6081,中国东航
301377.SZ,9739550.0,鼎泰高科
601669.SH,9698327.705,中国电建
301638.SZ,9608902.9951,南网数字
000895.SZ,9600576.2212,双汇发展
002837.SZ,9556436.5604,英维克
300450.SZ,9544736.3952,先导智能
300390.SZ,9528711.5384,天华新能
600549.SH,9479474.967,厦门钨业
300136.SZ,9407669.8673,信维通信
000538.SZ,9394142.6048,云南白药
000625.SZ,9367713.2858,长安汽车
601231.SH,9312731.594,环旭电子
301358.SZ,9268308.9519,湖南裕能
002027.SZ,9170796.826,分众传媒
601186.SH,9125451.888,中国铁建
000938.SZ,9109354.3987,紫光股份
688271.SH,9064913.71,联影医疗
300475.SZ,9049466.3404,香农芯创
600482.SH,8995865.0955,中国动力
688183.SH,8937918.5254,生益电子
601179.SH,8934412.9395,中国西电
301200.SZ,8932708.317,大族数控
000100.SZ,8923569.9898,TCL科技
002241.SZ,8874427.7725,歌尔股份
000301.SZ,8825993.0259,东方盛虹
000630.SZ,8716156.4815,铜陵有色
002156.SZ,8642714.4138,通富微电
002625.SZ,8633433.563,光启技术
600584.SH,8624978.2274,长电科技
002812.SZ,8598564.7582,恩捷股份
600600.SH,8579423.116,青岛啤酒
600795.SH,8578932.7784,国电电力
600436.SH,8524872.1773,片仔癀
001389.SZ,8485025.0559,广合科技
601991.SH,8476073.4108,大唐发电
601825.SH,8438888.8894,沪农商行
600879.SH,8304336.4237,航天电子
600236.SH,8252849.5587,桂冠电力
601077.SH,8245182.0,渝农商行
601916.SH,8184461.517,浙商银行
001203.SZ,8171318.7186,大中矿业
001979.SZ,8159509.1148,招商蛇口
600426.SH,8158869.3923,华鲁恒升
601838.SH,8129319.0128,成都银行
301165.SZ,8083409.0863,锐捷网络
300757.SZ,8054407.7741,罗博特科
000426.SZ,8022322.2688,兴业银锡
601360.SH,8014493.7715,三六零
600066.SH,7979036.9597,宇通客车
002311.SZ,7942259.0781,海大集团
603659.SH,7940995.3655,璞泰来
002532.SZ,7915140.9797,天山铝业
688775.SH,7875640.0,影石创新
002179.SZ,7868360.8167,中航光电
603195.SH,7866214.3998,公牛集团
000708.SZ,7818048.0224,中信特钢
600438.SH,7815455.3431,通威股份
600988.SH,7812590.3528,赤峰黄金
600023.SH,7723430.0634,浙能电力
600048.SH,7661083.7875,保利发展
000975.SZ,7658200.0069,山金国际
603893.SH,7638947.017,瑞芯微
688082.SH,7548190.4831,盛美上海
688396.SH,7532282.7663,华润微
688375.SH,7485947.144,国博电子
002128.SZ,7468922.8787,电投能源
600674.SH,7448399.2332,川投能源
688126.SH,7380117.2366,沪硅产业
601168.SH,7365853.0,西部矿业
300548.SZ,7361628.2365,长芯博创
000933.SZ,7351995.3803,神火股份
600233.SH,7351975.1472,圆通速递
301217.SZ,7340932.6421,铜冠铜箔
002304.SZ,7333374.6202,洋河股份
600703.SH,7323879.4912,三安光电
600415.SH,7271199.5337,小商品城
688047.SH,7254491.0,龙芯中科
601018.SH,7237032.4844,宁波港
688331.SH,7208377.4579,荣昌生物
000039.SZ,7204407.2344,中集集团
002595.SZ,7196000.0,豪迈科技
601238.SH,7168537.3277,广汽集团
301526.SZ,7153355.6571,国际复材
688729.SH,7122899.6,屹唐股份
601877.SH,7121683.1865,正泰电器
601808.SH,7090585.712,中海油服
601788.SH,7072948.2382,光大证券
000066.SZ,7032242.0118,中国长城
002851.SZ,6998724.8145,麦格米特
002074.SZ,6995636.3842,国轩高科
601061.SH,6982500.0,中信金属
600039.SH,6973863.6973,四川路桥
688387.SH,6967412.5,信科移动
000703.SZ,6965834.6937,恒逸石化
000157.SZ,6936125.2593,中联重科
688002.SH,6920838.2677,睿创微纳
603228.SH,6910468.2779,景旺电子
300751.SZ,6901303.6482,迈为股份
688223.SH,6890771.6159,晶科能源
600845.SH,6889869.1248,宝信软件
688120.SH,6836800.29,华海清科
688313.SH,6835389.2383,仕佳光子
600009.SH,6813001.1035,上海机场
300919.SZ,6790283.8849,中伟新材
688110.SH,6766421.2974,东芯股份
002738.SZ,6757492.92,中矿资源
688361.SH,6737490.8431,中科飞测
002049.SZ,6716311.8064,紫光国微
688187.SH,6708265.1553,时代电气
688036.SH,6689533.391,传音控股
688249.SH,6687287.9427,晶合集成
002653.SZ,6651192.8238,海思科
601958.SH,6637125.2508,金钼股份
600292.SH,6618491.5697,电投水电
600196.SH,6614653.438,复星医药
600498.SH,6599335.795,烽火通信
300866.SZ,6597435.769,安克创新
300223.SZ,6595849.1427,北京君正
600096.SH,6595580.4648,云天化
688048.SH,6557790.1595,长光华芯
000768.SZ,6537214.4274,中航西飞
300418.SZ,6536643.6543,昆仑万维
688777.SH,6505160.291,中控技术
600221.SH,6482344.8803,海航控股
300058.SZ,6480349.3147,蓝色光标
002414.SZ,6470165.2036,高德红外
001965.SZ,6462135.3374,招商公路
688629.SH,6445601.763,华丰科技
600372.SH,6426054.7246,中航机载
600105.SH,6385993.2951,永鼎股份
601607.SH,6363548.8642,上海医药
001391.SZ,6360827.1182,国货航
000960.SZ,6328331.2874,锡业股份
603083.SH,6320199.9849,剑桥科技
600803.SH,6299922.6927,新奥股份
600219.SH,6293068.4543,南山铝业
300803.SZ,6280856.7245,指南针
002920.SZ,6234866.6944,德赛西威
688172.SH,6197290.1591,燕东微
300620.SZ,6163729.9611,光库科技
002558.SZ,6161621.91,巨人网络
600377.SH,6161165.1925,宁沪高速
300054.SZ,6132117.5814,鼎龙股份
601618.SH,6113467.6552,中国中冶
688027.SH,6107886.2394,国盾量子
300395.SZ,6056215.9361,菲利华
000688.SZ,6018958.8788,国城矿业
600580.SH,6015714.5349,卧龙电驱
002236.SZ,5989288.1196,大华股份
601901.SH,5976505.6128,方正证券
688385.SH,5951371.5813,复旦微电
300782.SZ,5933865.6955,卓胜微
601212.SH,5916414.8343,白银有色
000831.SZ,5901448.9077,中国稀土
600027.SH,5875557.7371,华电国际
300316.SZ,5841830.2684,晶盛机电
000963.SZ,5839943.7038,华东医药
600895.SH,5835462.2244,张江高科
600741.SH,5829386.6464,华域汽车
002064.SZ,5821063.9912,华峰化学
688469.SH,5809202.2102,芯联集成
601298.SH,5803043.4,青岛港
003031.SZ,5787008.181,中瓷电子
301511.SZ,5688025.728,德福科技
002240.SZ,5687636.1206,盛新锂能
601233.SH,5685813.5611,桐昆股份
688809.SH,5663037.003,强一股份
002294.SZ,5645430.9332,信立泰
000596.SZ,5604745.8,古井贡酒
001872.SZ,5596678.1522,招商港口
601059.SH,5529315.0,信达证券
603308.SH,5526718.3697,应流股份
000559.SZ,5510125.7339,万向钱潮
002487.SZ,5494210.6416,大金重工
601456.SH,5493133.2434,国联民生
300661.SZ,5489867.7392,圣邦股份
600726.SH,5471876.6573,华电能源
300454.SZ,5420381.7308,深信服
002422.SZ,5410246.8884,科伦药业
603260.SH,5402685.7204,合盛硅业
688009.SH,5379628.052,中国通号
300037.SZ,5346743.495,新宙邦
601377.SH,5328404.1604,兴业证券
688234.SH,5314326.9535,天岳先进
002850.SZ,5311773.5599,科达利
688472.SH,5311698.2833,阿特斯
688295.SH,5247000.0,中复神鹰
000973.SZ,5223753.1278,佛塑科技
600350.SH,5221336.491,山东高速
601117.SH,5215092.9023,中国化学
301396.SZ,5206240.5714,宏景科技
603156.SH,5206206.6251,养元饮品
002429.SZ,5187873.9356,兆驰股份
600570.SH,5186701.7131,恒生电子
600885.SH,5173607.7884,宏发股份
300207.SZ,5163657.5366,欣旺达
300759.SZ,5162766.9947,康龙化成
000893.SZ,5134952.4462,亚钾国际
603699.SH,5132372.7914,纽威股份
600601.SH,5068659.064,方正科技
603459.SH,5048641.5324,红板科技
603392.SH,5037340.9311,万泰生物
002195.SZ,5029782.0154,岩山科技
002428.SZ,5029677.12,云南锗业
002436.SZ,5008937.9902,兴森科技
601777.SH,4986773.3783,千里科技
601126.SH,4986519.4575,四方股份
600871.SH,4985703.0541,石化油服
603806.SH,4969659.0059,福斯特
600021.SH,4951267.3285,上海电力
600460.SH,4935637.0923,士兰微
688585.SH,4927870.231,上纬新材
301269.SZ,4920938.0994,华大九天
601699.SH,4896936.8604,潞安环能
000783.SZ,4860934.1213,长江证券
000878.SZ,4847942.896,云南铜业
000021.SZ,4836165.3658,深科技
300666.SZ,4829101.7513,江丰电子
301656.SZ,4826415.3564,联合动力
688411.SH,4823957.4907,海博思创
688568.SH,4823423.0257,中科星图
000967.SZ,4808971.7401,盈峰环境
002555.SZ,4800555.7678,三七互娱
600918.SH,4798514.6436,中泰证券
300748.SZ,4787050.7536,金力永磁
300432.SZ,4785618.9174,富临精工
601216.SH,4784355.8601,君正集团
000002.SZ,4784214.4979,万科A
688303.SH,4775227.9416,大全能源
002340.SZ,4771616.829,格林美
002756.SZ,4765118.5121,永兴材料
600331.SH,4752238.4,宏达股份
002261.SZ,4737480.3342,拓维信息
002155.SZ,4728582.8822,湖南黄金
600378.SH,4721398.6092,昊华科技
600497.SH,4717796.1321,驰宏锌锗
688766.SH,4715659.9969,普冉股份
600995.SH,4707716.5508,南网储能
688200.SH,4703002.9075,华峰测控
688037.SH,4697915.9968,芯源微
301611.SZ,4689180.0,珂玛科技
600392.SH,4676541.2888,盛和资源
300628.SZ,4666851.4975,亿联网络
300347.SZ,4647818.6179,泰格医药
688428.SH,4642778.2377,诺诚健华
300115.SZ,4621721.7428,长盈精密
002131.SZ,4618353.0754,利欧股份
002273.SZ,4615508.3415,水晶光电
601021.SH,4614798.7563,春秋航空
600699.SH,4610440.8838,均胜电子
601136.SH,4600200.7854,首创证券
688099.SH,4582281.8694,晶晨股份
600143.SH,4574057.9846,金发科技
600733.SH,4552515.0828,北汽蓝谷
688019.SH,4547229.3801,安集科技
600685.SH,4541595.9925,中船防务
002407.SZ,4537928.953,多氟多
001257.SZ,4536634.4688,盛龙股份
002203.SZ,4535383.6872,海亮股份
601058.SH,4531002.1569,赛轮轮胎
601878.SH,4518911.0793,浙商证券
000786.SZ,4517734.4555,北新建材
688336.SH,4516358.0774,三生国健
002821.SZ,4499389.126,凯莱英
